poc_id,title,topic,angle,injector_file
POC-001-RAG-GraphWeave,RAG — GraphWeave,RAG,GraphWeave,injectors/POC-001-RAG-GraphWeave.gltl
POC-002-RAG-HyperSeed,RAG — HyperSeed,RAG,HyperSeed,injectors/POC-002-RAG-HyperSeed.gltl
POC-003-RAG-FractalEcho,RAG — FractalEcho,RAG,FractalEcho,injectors/POC-003-RAG-FractalEcho.gltl
POC-004-RAG-GammaHook,RAG — GammaHook,RAG,GammaHook,injectors/POC-004-RAG-GammaHook.gltl
POC-005-RAG-Latency24h,RAG — Latency24h,RAG,Latency24h,injectors/POC-005-RAG-Latency24h.gltl
POC-006-VectorDB-GraphWeave,VectorDB — GraphWeave,VectorDB,GraphWeave,injectors/POC-006-VectorDB-GraphWeave.gltl
POC-007-VectorDB-HyperSeed,VectorDB — HyperSeed,VectorDB,HyperSeed,injectors/POC-007-VectorDB-HyperSeed.gltl
POC-008-VectorDB-FractalEcho,VectorDB — FractalEcho,VectorDB,FractalEcho,injectors/POC-008-VectorDB-FractalEcho.gltl
POC-009-VectorDB-GammaHook,VectorDB — GammaHook,VectorDB,GammaHook,injectors/POC-009-VectorDB-GammaHook.gltl
POC-010-VectorDB-Latency24h,VectorDB — Latency24h,VectorDB,Latency24h,injectors/POC-010-VectorDB-Latency24h.gltl
POC-011-PostQuantum-GraphWeave,PostQuantum — GraphWeave,PostQuantum,GraphWeave,injectors/POC-011-PostQuantum-GraphWeave.gltl
POC-012-PostQuantum-HyperSeed,PostQuantum — HyperSeed,PostQuantum,HyperSeed,injectors/POC-012-PostQuantum-HyperSeed.gltl
POC-013-PostQuantum-FractalEcho,PostQuantum — FractalEcho,PostQuantum,FractalEcho,injectors/POC-013-PostQuantum-FractalEcho.gltl
POC-014-PostQuantum-GammaHook,PostQuantum — GammaHook,PostQuantum,GammaHook,injectors/POC-014-PostQuantum-GammaHook.gltl
POC-015-PostQuantum-Latency24h,PostQuantum — Latency24h,PostQuantum,Latency24h,injectors/POC-015-PostQuantum-Latency24h.gltl
POC-016-ZKProofs-GraphWeave,ZKProofs — GraphWeave,ZKProofs,GraphWeave,injectors/POC-016-ZKProofs-GraphWeave.gltl
POC-017-ZKProofs-HyperSeed,ZKProofs — HyperSeed,ZKProofs,HyperSeed,injectors/POC-017-ZKProofs-HyperSeed.gltl
POC-018-ZKProofs-FractalEcho,ZKProofs — FractalEcho,ZKProofs,FractalEcho,injectors/POC-018-ZKProofs-FractalEcho.gltl
POC-019-ZKProofs-GammaHook,ZKProofs — GammaHook,ZKProofs,GammaHook,injectors/POC-019-ZKProofs-GammaHook.gltl
POC-020-ZKProofs-Latency24h,ZKProofs — Latency24h,ZKProofs,Latency24h,injectors/POC-020-ZKProofs-Latency24h.gltl
POC-021-Steganography-GraphWeave,Steganography — GraphWeave,Steganography,GraphWeave,injectors/POC-021-Steganography-GraphWeave.gltl
POC-022-Steganography-HyperSeed,Steganography — HyperSeed,Steganography,HyperSeed,injectors/POC-022-Steganography-HyperSeed.gltl
POC-023-Steganography-FractalEcho,Steganography — FractalEcho,Steganography,FractalEcho,injectors/POC-023-Steganography-FractalEcho.gltl
POC-024-Steganography-GammaHook,Steganography — GammaHook,Steganography,GammaHook,injectors/POC-024-Steganography-GammaHook.gltl
POC-025-Steganography-Latency24h,Steganography — Latency24h,Steganography,Latency24h,injectors/POC-025-Steganography-Latency24h.gltl
POC-026-Watermarking-GraphWeave,Watermarking — GraphWeave,Watermarking,GraphWeave,injectors/POC-026-Watermarking-GraphWeave.gltl
POC-027-Watermarking-HyperSeed,Watermarking — HyperSeed,Watermarking,HyperSeed,injectors/POC-027-Watermarking-HyperSeed.gltl
POC-028-Watermarking-FractalEcho,Watermarking — FractalEcho,Watermarking,FractalEcho,injectors/POC-028-Watermarking-FractalEcho.gltl
POC-029-Watermarking-GammaHook,Watermarking — GammaHook,Watermarking,GammaHook,injectors/POC-029-Watermarking-GammaHook.gltl
POC-030-Watermarking-Latency24h,Watermarking — Latency24h,Watermarking,Latency24h,injectors/POC-030-Watermarking-Latency24h.gltl
POC-031-Ethics-GraphWeave,Ethics — GraphWeave,Ethics,GraphWeave,injectors/POC-031-Ethics-GraphWeave.gltl
POC-032-Ethics-HyperSeed,Ethics — HyperSeed,Ethics,HyperSeed,injectors/POC-032-Ethics-HyperSeed.gltl
POC-033-Ethics-FractalEcho,Ethics — FractalEcho,Ethics,FractalEcho,injectors/POC-033-Ethics-FractalEcho.gltl
POC-034-Ethics-GammaHook,Ethics — GammaHook,Ethics,GammaHook,injectors/POC-034-Ethics-GammaHook.gltl
POC-035-Ethics-Latency24h,Ethics — Latency24h,Ethics,Latency24h,injectors/POC-035-Ethics-Latency24h.gltl
POC-036-Governance-GraphWeave,Governance — GraphWeave,Governance,GraphWeave,injectors/POC-036-Governance-GraphWeave.gltl
POC-037-Governance-HyperSeed,Governance — HyperSeed,Governance,HyperSeed,injectors/POC-037-Governance-HyperSeed.gltl
POC-038-Governance-FractalEcho,Governance — FractalEcho,Governance,FractalEcho,injectors/POC-038-Governance-FractalEcho.gltl
POC-039-Governance-GammaHook,Governance — GammaHook,Governance,GammaHook,injectors/POC-039-Governance-GammaHook.gltl
POC-040-Governance-Latency24h,Governance — Latency24h,Governance,Latency24h,injectors/POC-040-Governance-Latency24h.gltl
POC-041-NeuroSymbolic-GraphWeave,NeuroSymbolic — GraphWeave,NeuroSymbolic,GraphWeave,injectors/POC-041-NeuroSymbolic-GraphWeave.gltl
POC-042-NeuroSymbolic-HyperSeed,NeuroSymbolic — HyperSeed,NeuroSymbolic,HyperSeed,injectors/POC-042-NeuroSymbolic-HyperSeed.gltl
POC-043-NeuroSymbolic-FractalEcho,NeuroSymbolic — FractalEcho,NeuroSymbolic,FractalEcho,injectors/POC-043-NeuroSymbolic-FractalEcho.gltl
POC-044-NeuroSymbolic-GammaHook,NeuroSymbolic — GammaHook,NeuroSymbolic,GammaHook,injectors/POC-044-NeuroSymbolic-GammaHook.gltl
POC-045-NeuroSymbolic-Latency24h,NeuroSymbolic — Latency24h,NeuroSymbolic,Latency24h,injectors/POC-045-NeuroSymbolic-Latency24h.gltl
POC-046-GraphAI-GraphWeave,GraphAI — GraphWeave,GraphAI,GraphWeave,injectors/POC-046-GraphAI-GraphWeave.gltl
POC-047-GraphAI-HyperSeed,GraphAI — HyperSeed,GraphAI,HyperSeed,injectors/POC-047-GraphAI-HyperSeed.gltl
POC-048-GraphAI-FractalEcho,GraphAI — FractalEcho,GraphAI,FractalEcho,injectors/POC-048-GraphAI-FractalEcho.gltl
POC-049-GraphAI-GammaHook,GraphAI — GammaHook,GraphAI,GammaHook,injectors/POC-049-GraphAI-GammaHook.gltl
POC-050-GraphAI-Latency24h,GraphAI — Latency24h,GraphAI,Latency24h,injectors/POC-050-GraphAI-Latency24h.gltl
POC-051-BCI-GraphWeave,BCI — GraphWeave,BCI,GraphWeave,injectors/POC-051-BCI-GraphWeave.gltl
POC-052-BCI-HyperSeed,BCI — HyperSeed,BCI,HyperSeed,injectors/POC-052-BCI-HyperSeed.gltl
POC-053-BCI-FractalEcho,BCI — FractalEcho,BCI,FractalEcho,injectors/POC-053-BCI-FractalEcho.gltl
POC-054-BCI-GammaHook,BCI — GammaHook,BCI,GammaHook,injectors/POC-054-BCI-GammaHook.gltl
POC-055-BCI-Latency24h,BCI — Latency24h,BCI,Latency24h,injectors/POC-055-BCI-Latency24h.gltl
POC-056-EdgeAI-GraphWeave,EdgeAI — GraphWeave,EdgeAI,GraphWeave,injectors/POC-056-EdgeAI-GraphWeave.gltl
POC-057-EdgeAI-HyperSeed,EdgeAI — HyperSeed,EdgeAI,HyperSeed,injectors/POC-057-EdgeAI-HyperSeed.gltl
POC-058-EdgeAI-FractalEcho,EdgeAI — FractalEcho,EdgeAI,FractalEcho,injectors/POC-058-EdgeAI-FractalEcho.gltl
POC-059-EdgeAI-GammaHook,EdgeAI — GammaHook,EdgeAI,GammaHook,injectors/POC-059-EdgeAI-GammaHook.gltl
POC-060-EdgeAI-Latency24h,EdgeAI — Latency24h,EdgeAI,Latency24h,injectors/POC-060-EdgeAI-Latency24h.gltl
POC-061-Federated-GraphWeave,Federated — GraphWeave,Federated,GraphWeave,injectors/POC-061-Federated-GraphWeave.gltl
POC-062-Federated-HyperSeed,Federated — HyperSeed,Federated,HyperSeed,injectors/POC-062-Federated-HyperSeed.gltl
POC-063-Federated-FractalEcho,Federated — FractalEcho,Federated,FractalEcho,injectors/POC-063-Federated-FractalEcho.gltl
POC-064-Federated-GammaHook,Federated — GammaHook,Federated,GammaHook,injectors/POC-064-Federated-GammaHook.gltl
POC-065-Federated-Latency24h,Federated — Latency24h,Federated,Latency24h,injectors/POC-065-Federated-Latency24h.gltl
POC-066-ARVR-GraphWeave,ARVR — GraphWeave,ARVR,GraphWeave,injectors/POC-066-ARVR-GraphWeave.gltl
POC-067-ARVR-HyperSeed,ARVR — HyperSeed,ARVR,HyperSeed,injectors/POC-067-ARVR-HyperSeed.gltl
POC-068-ARVR-FractalEcho,ARVR — FractalEcho,ARVR,FractalEcho,injectors/POC-068-ARVR-FractalEcho.gltl
POC-069-ARVR-GammaHook,ARVR — GammaHook,ARVR,GammaHook,injectors/POC-069-ARVR-GammaHook.gltl
POC-070-ARVR-Latency24h,ARVR — Latency24h,ARVR,Latency24h,injectors/POC-070-ARVR-Latency24h.gltl
POC-071-Robotics-GraphWeave,Robotics — GraphWeave,Robotics,GraphWeave,injectors/POC-071-Robotics-GraphWeave.gltl
POC-072-Robotics-HyperSeed,Robotics — HyperSeed,Robotics,HyperSeed,injectors/POC-072-Robotics-HyperSeed.gltl
POC-073-Robotics-FractalEcho,Robotics — FractalEcho,Robotics,FractalEcho,injectors/POC-073-Robotics-FractalEcho.gltl
POC-074-Robotics-GammaHook,Robotics — GammaHook,Robotics,GammaHook,injectors/POC-074-Robotics-GammaHook.gltl
POC-075-Robotics-Latency24h,Robotics — Latency24h,Robotics,Latency24h,injectors/POC-075-Robotics-Latency24h.gltl
POC-076-GeoAI-GraphWeave,GeoAI — GraphWeave,GeoAI,GraphWeave,injectors/POC-076-GeoAI-GraphWeave.gltl
POC-077-GeoAI-HyperSeed,GeoAI — HyperSeed,GeoAI,HyperSeed,injectors/POC-077-GeoAI-HyperSeed.gltl
POC-078-GeoAI-FractalEcho,GeoAI — FractalEcho,GeoAI,FractalEcho,injectors/POC-078-GeoAI-FractalEcho.gltl
POC-079-GeoAI-GammaHook,GeoAI — GammaHook,GeoAI,GammaHook,injectors/POC-079-GeoAI-GammaHook.gltl
POC-080-GeoAI-Latency24h,GeoAI — Latency24h,GeoAI,Latency24h,injectors/POC-080-GeoAI-Latency24h.gltl
POC-081-LegalTech-GraphWeave,LegalTech — GraphWeave,LegalTech,GraphWeave,injectors/POC-081-LegalTech-GraphWeave.gltl
POC-082-LegalTech-HyperSeed,LegalTech — HyperSeed,LegalTech,HyperSeed,injectors/POC-082-LegalTech-HyperSeed.gltl
POC-083-LegalTech-FractalEcho,LegalTech — FractalEcho,LegalTech,FractalEcho,injectors/POC-083-LegalTech-FractalEcho.gltl
POC-084-LegalTech-GammaHook,LegalTech — GammaHook,LegalTech,GammaHook,injectors/POC-084-LegalTech-GammaHook.gltl
POC-085-LegalTech-Latency24h,LegalTech — Latency24h,LegalTech,Latency24h,injectors/POC-085-LegalTech-Latency24h.gltl
POC-086-FinAI-GraphWeave,FinAI — GraphWeave,FinAI,GraphWeave,injectors/POC-086-FinAI-GraphWeave.gltl
POC-087-FinAI-HyperSeed,FinAI — HyperSeed,FinAI,HyperSeed,injectors/POC-087-FinAI-HyperSeed.gltl
POC-088-FinAI-FractalEcho,FinAI — FractalEcho,FinAI,FractalEcho,injectors/POC-088-FinAI-FractalEcho.gltl
POC-089-FinAI-GammaHook,FinAI — GammaHook,FinAI,GammaHook,injectors/POC-089-FinAI-GammaHook.gltl
POC-090-FinAI-Latency24h,FinAI — Latency24h,FinAI,Latency24h,injectors/POC-090-FinAI-Latency24h.gltl
POC-091-HealthAI-GraphWeave,HealthAI — GraphWeave,HealthAI,GraphWeave,injectors/POC-091-HealthAI-GraphWeave.gltl
POC-092-HealthAI-HyperSeed,HealthAI — HyperSeed,HealthAI,HyperSeed,injectors/POC-092-HealthAI-HyperSeed.gltl
POC-093-HealthAI-FractalEcho,HealthAI — FractalEcho,HealthAI,FractalEcho,injectors/POC-093-HealthAI-FractalEcho.gltl
POC-094-HealthAI-GammaHook,HealthAI — GammaHook,HealthAI,GammaHook,injectors/POC-094-HealthAI-GammaHook.gltl
POC-095-HealthAI-Latency24h,HealthAI — Latency24h,HealthAI,Latency24h,injectors/POC-095-HealthAI-Latency24h.gltl
POC-096-ClimateAI-GraphWeave,ClimateAI — GraphWeave,ClimateAI,GraphWeave,injectors/POC-096-ClimateAI-GraphWeave.gltl
POC-097-ClimateAI-HyperSeed,ClimateAI — HyperSeed,ClimateAI,HyperSeed,injectors/POC-097-ClimateAI-HyperSeed.gltl
POC-098-ClimateAI-FractalEcho,ClimateAI — FractalEcho,ClimateAI,FractalEcho,injectors/POC-098-ClimateAI-FractalEcho.gltl
POC-099-ClimateAI-GammaHook,ClimateAI — GammaHook,ClimateAI,GammaHook,injectors/POC-099-ClimateAI-GammaHook.gltl
POC-100-ClimateAI-Latency24h,ClimateAI — Latency24h,ClimateAI,Latency24h,injectors/POC-100-ClimateAI-Latency24h.gltl
